chroma_stft,rms,spectral_centroid,spectral_bandwidth,rolloff,zero_crossing_rate,mfcc1,mfcc2,mfcc3,mfcc4,mfcc5,mfcc6,mfcc7,mfcc8,mfcc9,mfcc10,mfcc11,mfcc12,mfcc13,mfcc14,mfcc15,mfcc16,mfcc17,mfcc18,mfcc19,mfcc20,LABEL
0.4,0.03,2500,4000,6000,0.05,-450,3.239726183200105,-2.904582878212276,0.044477392274867356,4.926826956731967,-6.86594139339598,6.346760532020522,4.332541975961178,-5.527923537584276,-7.295317805614426,7.2355083054730365,-8.726889938733386,2.4490554516493965,6.474352572025339,-1.585907142567235,-7.601980374336652,-1.9478876369617097,1.9441699274047828,8.270826917160758,2.3370867516111122,FAKE
0.5,0.04,3000,4500,6500,0.06,-400,4.815163070197137,8.62773264174486,-6.466638651074737,9.772347507080902,2.0052212988685305,-9.809863484869318,-0.15825658954862476,-9.88151295344062,8.643722044190302,-9.70969338921359,-1.6843613864870548,1.2099101425924772,-3.6439314475679723,7.019127529170198,0.15978923246979093,9.195350998698927,-1.7025270334136238,-0.9774778600155276,-2.5927945338763596,REAL
0.35,0.02,2000,3500,5500,0.04,-470,8.485754714459027,-4.969648737887553,1.9889223072063995,-8.587640201771967,-4.885664041791791,7.674458994754438,-0.18940648347415845,6.5830504442847655,3.104183688625188,0.37154698750315696,8.216477197640376,5.8596322608583495,-0.04085962932638765,5.775512440470807,-4.305750592841053,2.6363065331798285,9.684733206857423,6.80215905124863,-4.341178814770417,FAKE
0.42,0.032,2700,4300,5800,0.055,-440,4.721972397498275,3.0746446234744695,4.80174129243645,-1.4482245990739901,7.263923372958075,-4.048226377992332,-0.18420024998425433,8.711761852946864,6.9632811985351,4.16096908139837,9.015010311070355,7.911093848149296,3.0655368960766527,-5.64658648888609,-4.764190407141713,-2.1814251188775007,-0.9565029757040566,4.061388266939698,2.5551637487702585,REAL
